from,to,distance,accessible
Room_SF_3,Corridor_SF_39,104.91,true
Room_SF_3,Corridor_SF_40,57.95,true
Room_SF_3,Corridor_SF_41,33.87,true
Room_SF_3,Corridor_SF_42,10.63,true
Room_SF_3,stair_sf_11,74.2,true
Room_SF_3,lift_sf,63.57,true
Room_SF_3,corridor_sf_7,119.95,true
Room_SF_3,corridor_sf_9,110.35,true
Room_SF_3,corridor_sf_10,84.04,true
Room_SF_3,corridor_sf_11,66.07,true
Room_SF_3,corridor_sf_12,22.19,true
Room_SF_3,corridor_sf_13,35.5,true
Room_SF_3,stair_sf_5,76.26,true
Room_SF_3,stair_sf_4,113.73,true
Room_SF_3,stair_sf_3,37.49,true
Room_SF_4,Corridor_SF_38,112.39,true
Room_SF_4,Corridor_SF_39,89.94,true
Room_SF_4,Corridor_SF_40,43.75,true
Room_SF_4,Corridor_SF_41,20.4,true
Room_SF_4,Corridor_SF_42,9.61,true
Room_SF_4,stair_sf_11,62.51,true
Room_SF_4,lift_sf,81.64,true
Room_SF_4,corridor_sf_10,102.79,true
Room_SF_4,corridor_sf_11,85.21,true
Room_SF_4,corridor_sf_12,34.33,true
Room_SF_4,corridor_sf_13,37.77,true
Room_SF_4,stair_sf_5,93.47,true
Room_SF_4,stair_sf_3,43.51,true
Room_SF_6,Corridor_SF_38,86.93,true
Room_SF_6,Corridor_SF_39,64.49,true
Room_SF_6,Corridor_SF_40,19.27,true
Room_SF_6,Corridor_SF_41,10.57,true
Room_SF_6,Corridor_SF_42,33.11,true
Room_SF_6,stair_sf_11,39.14,true
Room_SF_6,lift_sf,94.57,true
Room_SF_6,corridor_sf_10,116.4,true
Room_SF_6,corridor_sf_11,100.3,true
Room_SF_6,corridor_sf_12,59.76,true
Room_SF_6,corridor_sf_13,61.92,true
Room_SF_6,stair_sf_5,104.22,true
Room_SF_6,stair_sf_3,68.4,true
Room_SF_6,stair_sf_16,99.01,true
Room_SF_8,Corridor_SF_38,78.13,true
Room_SF_8,Corridor_SF_39,55.52,true
Room_SF_8,Corridor_SF_40,10.96,true
Room_SF_8,Corridor_SF_41,17.13,true
Room_SF_8,Corridor_SF_42,41.7,true
Room_SF_8,stair_sf_11,31.0,true
Room_SF_8,lift_sf,99.3,true
Room_SF_8,corridor_sf_11,105.65,true
Room_SF_8,corridor_sf_12,68.61,true
Room_SF_8,corridor_sf_13,70.87,true
Room_SF_8,stair_sf_5,108.13,true
Room_SF_8,stair_sf_3,77.39,true
Room_SF_8,stair_sf_16,90.34,true
Room_SF_5,Corridor_SF_38,91.26,true
Room_SF_5,Corridor_SF_39,67.27,true
Room_SF_5,Corridor_SF_40,21.03,true
Room_SF_5,Corridor_SF_41,9.41,true
Room_SF_5,Corridor_SF_42,31.99,true
Room_SF_5,stair_sf_11,35.91,true
Room_SF_5,lift_sf,81.0,true
Room_SF_5,corridor_sf_10,102.8,true
Room_SF_5,corridor_sf_11,87.6,true
Room_SF_5,corridor_sf_12,59.15,true
Room_SF_5,corridor_sf_13,66.12,true
Room_SF_5,stair_sf_5,89.71,true
Room_SF_5,stair_sf_3,71.19,true
Room_SF_5,stair_sf_16,104.02,true
Room_SF_7,Corridor_SF_38,82.03,true
Room_SF_7,Corridor_SF_39,57.97,true
Room_SF_7,Corridor_SF_40,12.42,true
Room_SF_7,Corridor_SF_41,15.85,true
Room_SF_7,Corridor_SF_42,40.73,true
Room_SF_7,stair_sf_11,26.82,true
Room_SF_7,lift_sf,88.25,true
Room_SF_7,corridor_sf_10,109.92,true
Room_SF_7,corridor_sf_11,95.34,true
Room_SF_7,corridor_sf_12,68.08,true
Room_SF_7,corridor_sf_13,74.01,true
Room_SF_7,stair_sf_5,96.14,true
Room_SF_7,stair_sf_3,79.49,true
Room_SF_7,stair_sf_16,94.85,true
Room_SF_12,Corridor_SF_38,10.94,true
Room_SF_12,Corridor_SF_39,19.4,true
Room_SF_12,Corridor_SF_40,66.29,true
Room_SF_12,Corridor_SF_41,90.56,true
Room_SF_12,Corridor_SF_42,116.17,true
Room_SF_12,stair_sf_11,51.99,true
Room_SF_12,stair_sf_16,22.24,true
Room_SF_11,Corridor_SF_38,29.14,true
Room_SF_11,Corridor_SF_39,32.03,true
Room_SF_11,Corridor_SF_40,61.41,true
Room_SF_11,Corridor_SF_41,82.46,true
Room_SF_11,Corridor_SF_42,105.7,true
Room_SF_11,stair_sf_11,57.97,true
Room_SF_11,stair_sf_16,34.48,true
Room_SF_10,Corridor_SF_38,45.36,true
Room_SF_10,Corridor_SF_39,29.92,true
Room_SF_10,Corridor_SF_40,35.0,true
Room_SF_10,Corridor_SF_41,55.15,true
Room_SF_10,Corridor_SF_42,78.54,true
Room_SF_10,stair_sf_11,36.99,true
Room_SF_10,corridor_sf_12,104.23,true
Room_SF_10,corridor_sf_13,102.65,true
Room_SF_10,stair_sf_3,110.16,true
Room_SF_10,stair_sf_16,55.8,true
Room_SF_28,Room_SF_23,101.04,true
Room_SF_28,Corridor_SF_44,119.1,true
Room_SF_28,Corridor_SF_56,66.09,true
Room_SF_28,Corridor_SF_57,37.93,true
Room_SF_28,Corridor_SF_58,22.77,true
Room_SF_28,Corridor_SF_59,26.88,true
Room_SF_28,Corridor_SF_60,45.98,true
Room_SF_28,Corridor_SF_61,69.97,true
Room_SF_28,Corridor_SF_62,93.2,true
Room_SF_28,Corridor_SF_43,119.34,true
Room_SF_28,stair_sf_8,117.08,true
Room_SF_28,stair_sf_7,40.18,true
Room_SF_28,corridor_sf_2,98.0,true
Room_SF_28,corridor_sf_3,52.55,true
Room_SF_28,corridor_sf_4,50.1,true
Room_SF_28,corridor_sf_5,57.31,true
Room_SF_28,corridor_sf_6,69.52,true
Room_SF_28,stair_sf_15,76.09,true
Room_SF_28,stair_sf_18,110.14,true
Room_SF_28,stair_sf_6,72.13,true
Room_SF_21,Room_SF_23,88.83,true
Room_SF_21,Corridor_SF_42,115.58,true
Room_SF_21,Corridor_SF_50,110.49,true
Room_SF_21,Corridor_SF_51,84.58,true
Room_SF_21,Corridor_SF_52,60.33,true
Room_SF_21,Corridor_SF_53,38.46,true
Room_SF_21,Corridor_SF_54,24.08,true
Room_SF_21,Corridor_SF_55,30.18,true
Room_SF_21,Corridor_SF_56,95.4,true
Room_SF_21,corridor_sf_2,64.79,true
Room_SF_21,lift_sf,44.15,true
Room_SF_21,corridor_sf_3,110.11,true
Room_SF_21,corridor_sf_4,106.03,true
Room_SF_21,corridor_sf_5,107.91,true
Room_SF_21,corridor_sf_6,113.05,true
Room_SF_21,corridor_sf_50,23.06,true
Room_SF_21,corridor_sf_9,10.7,true
Room_SF_21,corridor_sf_10,30.17,true
Room_SF_21,corridor_sf_11,46.2,true
Room_SF_21,corridor_sf_12,115.88,true
Room_SF_21,stair_sf_1,86.34,true
Room_SF_21,stair_sf_10,63.75,true
Room_SF_21,stair_sf_5,30.65,true
Room_SF_19,Room_SF_23,108.03,true
Room_SF_19,Corridor_SF_41,113.54,true
Room_SF_19,Corridor_SF_42,111.05,true
Room_SF_19,corridor_sf_53,110.66,true
Room_SF_19,Corridor_SF_50,91.21,true
Room_SF_19,Corridor_SF_51,65.38,true
Room_SF_19,Corridor_SF_52,42.78,true
Room_SF_19,Corridor_SF_53,26.49,true
Room_SF_19,Corridor_SF_54,27.13,true
Room_SF_19,Corridor_SF_55,48.9,true
Room_SF_19,Corridor_SF_56,116.86,true
Room_SF_19,corridor_sf_2,85.91,true
Room_SF_19,lift_sf,47.18,true
Room_SF_19,corridor_sf_50,39.21,true
Room_SF_19,corridor_sf_9,32.23,true
Room_SF_19,corridor_sf_10,42.87,true
Room_SF_19,corridor_sf_11,53.35,true
Room_SF_19,corridor_sf_12,116.44,true
Room_SF_19,stair_sf_1,66.3,true
Room_SF_19,stair_sf_10,70.74,true
Room_SF_19,stair_sf_5,33.67,true
Room_SF_34,Corridor_SF_58,117.85,true
Room_SF_34,Corridor_SF_59,90.7,true
Room_SF_34,Corridor_SF_60,66.94,true
Room_SF_34,Corridor_SF_61,43.33,true
Room_SF_34,Corridor_SF_62,25.44,true
Room_SF_34,stair_sf_7,70.09,true
Room_SF_34,stair_sf_18,20.15,true
Room_SF_32,Corridor_SF_58,99.29,true
Room_SF_32,Corridor_SF_59,72.35,true
Room_SF_32,Corridor_SF_60,48.97,true
Room_SF_32,Corridor_SF_61,28.78,true
Room_SF_32,Corridor_SF_62,24.9,true
Room_SF_32,stair_sf_7,49.31,true
Room_SF_32,stair_sf_18,33.45,true
Room_SF_18,Corridor_SF_40,116.53,true
Room_SF_18,Corridor_SF_41,113.56,true
Room_SF_18,Corridor_SF_42,117.49,true
Room_SF_18,corridor_sf_53,83.74,true
Room_SF_18,Corridor_SF_50,64.23,true
Room_SF_18,Corridor_SF_51,39.18,true
Room_SF_18,Corridor_SF_52,23.18,true
Room_SF_18,Corridor_SF_53,28.25,true
Room_SF_18,Corridor_SF_54,45.59,true
Room_SF_18,Corridor_SF_55,74.22,true
Room_SF_18,stair_sf_11,110.4,true
Room_SF_18,corridor_sf_2,112.99,true
Room_SF_18,lift_sf,67.55,true
Room_SF_18,corridor_sf_50,63.49,true
Room_SF_18,corridor_sf_9,60.53,true
Room_SF_18,corridor_sf_10,69.47,true
Room_SF_18,corridor_sf_11,76.0,true
Room_SF_18,stair_sf_19,113.7,true
Room_SF_18,stair_sf_1,38.7,true
Room_SF_18,stair_sf_10,82.88,true
Room_SF_18,stair_sf_5,56.48,true
Room_SF_17,corridor_sf_53,74.01,true
Room_SF_17,Corridor_SF_50,56.28,true
Room_SF_17,Corridor_SF_51,32.97,true
Room_SF_17,Corridor_SF_52,12.39,true
Room_SF_17,Corridor_SF_53,21.12,true
Room_SF_17,Corridor_SF_54,41.16,true
Room_SF_17,Corridor_SF_55,71.59,true
Room_SF_17,corridor_sf_2,110.96,true
Room_SF_17,lift_sf,92.35,true
Room_SF_17,corridor_sf_50,60.92,true
Room_SF_17,corridor_sf_9,67.81,true
Room_SF_17,corridor_sf_10,87.33,true
Room_SF_17,corridor_sf_11,98.86,true
Room_SF_17,stair_sf_19,104.03,true
Room_SF_17,stair_sf_1,38.36,true
Room_SF_17,stair_sf_10,61.02,true
Room_SF_17,stair_sf_5,79.13,true
Room_SF_29,Room_SF_23,113.54,true
Room_SF_29,Corridor_SF_56,89.55,true
Room_SF_29,Corridor_SF_57,57.63,true
Room_SF_29,Corridor_SF_58,37.72,true
Room_SF_29,Corridor_SF_59,14.16,true
Room_SF_29,Corridor_SF_60,18.43,true
Room_SF_29,Corridor_SF_61,39.09,true
Room_SF_29,Corridor_SF_62,60.28,true
Room_SF_29,stair_sf_7,29.72,true
Room_SF_29,corridor_sf_3,74.74,true
Room_SF_29,corridor_sf_4,82.48,true
Room_SF_29,corridor_sf_5,96.19,true
Room_SF_29,corridor_sf_6,110.17,true
Room_SF_29,stair_sf_15,74.67,true
Room_SF_29,stair_sf_18,76.64,true
Room_SF_29,stair_sf_6,113.12,true
Room_SF_27,Room_SF_23,87.49,true
Room_SF_27,Corridor_SF_56,63.23,true
Room_SF_27,Corridor_SF_57,31.74,true
Room_SF_27,Corridor_SF_58,14.84,true
Room_SF_27,Corridor_SF_59,21.12,true
Room_SF_27,Corridor_SF_60,43.04,true
Room_SF_27,Corridor_SF_61,65.63,true
Room_SF_27,Corridor_SF_62,86.9,true
Room_SF_27,stair_sf_7,48.42,true
Room_SF_27,corridor_sf_2,95.08,true
Room_SF_27,corridor_sf_3,48.53,true
Room_SF_27,corridor_sf_4,58.92,true
Room_SF_27,corridor_sf_5,76.6,true
Room_SF_27,corridor_sf_6,93.2,true
Room_SF_27,stair_sf_15,51.71,true
Room_SF_27,stair_sf_18,103.12,true
Room_SF_27,stair_sf_6,99.61,true
Room_SF_33,Corridor_SF_58,103.96,true
Room_SF_33,Corridor_SF_59,78.37,true
Room_SF_33,Corridor_SF_60,57.16,true
Room_SF_33,Corridor_SF_61,34.98,true
Room_SF_33,Corridor_SF_62,16.26,true
Room_SF_33,stair_sf_7,67.56,true
Room_SF_33,stair_sf_18,16.22,true
Room_SF_15,corridor_sf_53,24.73,true
Room_SF_15,Corridor_SF_50,11.74,true
Room_SF_15,Corridor_SF_51,24.34,true
Room_SF_15,Corridor_SF_52,46.28,true
Room_SF_15,Corridor_SF_53,69.4,true
Room_SF_15,Corridor_SF_54,90.52,true
Room_SF_15,corridor_sf_50,110.4,true
Room_SF_15,corridor_sf_9,115.84,true
Room_SF_15,stair_sf_19,54.53,true
Room_SF_15,stair_sf_1,27.31,true
Room_SF_15,stair_sf_10,104.19,true
Room_SF_15,stair_sf_5,119.63,true
Room_SF_13,corridor_sf_53,10.23,true
Room_SF_13,Corridor_SF_50,21.25,true
Room_SF_13,Corridor_SF_51,44.65,true
Room_SF_13,Corridor_SF_52,67.36,true
Room_SF_13,Corridor_SF_53,90.33,true
Room_SF_13,Corridor_SF_54,111.25,true
Room_SF_13,stair_sf_19,34.52,true
Room_SF_13,stair_sf_1,46.09,true
Room_SF_14,corridor_sf_53,25.21,true
Room_SF_14,Corridor_SF_50,30.8,true
Room_SF_14,Corridor_SF_51,52.32,true
Room_SF_14,Corridor_SF_52,77.31,true
Room_SF_14,Corridor_SF_53,101.47,true
Room_SF_14,stair_sf_19,37.41,true
Room_SF_14,stair_sf_1,48.57,true
Room_SF_16,corridor_sf_53,33.59,true
Room_SF_16,Corridor_SF_50,23.52,true
Room_SF_16,Corridor_SF_51,34.04,true
Room_SF_16,Corridor_SF_52,57.5,true
Room_SF_16,Corridor_SF_53,81.14,true
Room_SF_16,Corridor_SF_54,102.78,true
Room_SF_16,stair_sf_11,115.38,true
Room_SF_16,stair_sf_19,57.27,true
Room_SF_16,stair_sf_1,28.57,true
Room_SF_16,stair_sf_5,116.36,true
Room_SF_2,room_sf_36,73.33,true
Room_SF_2,Corridor_SF_44,18.25,true
Room_SF_2,corridor_sf_51,62.97,true
Room_SF_2,Corridor_SF_43,54.49,true
Room_SF_2,stair_sf_8,14.62,true
Room_SF_2,Corridor_SF_48,89.37,true
Room_SF_2,stair_sf_7,112.3,true
Room_SF_2,corridor_sf_1,31.45,true
Room_SF_2,corridor_sf_5,115.22,true
Room_SF_2,corridor_sf_6,103.33,true
Room_SF_2,corridor_sf_7,80.56,true
Room_SF_2,corridor_sf_8,85.82,true
Room_SF_2,stair_sf_6,86.97,true
Room_SF_2,stair_sf_9,114.33,true
Room_SF_2,stair_sf_4,91.39,true
Room_SF_1,room_sf_36,107.45,true
Room_SF_1,Corridor_SF_44,23.75,true
Room_SF_1,corridor_sf_51,95.1,true
Room_SF_1,Corridor_SF_43,17.42,true
Room_SF_1,stair_sf_8,54.06,true
Room_SF_1,Corridor_SF_48,119.8,true
Room_SF_1,corridor_sf_1,66.85,true
Room_SF_1,corridor_sf_5,107.84,true
Room_SF_1,corridor_sf_6,90.82,true
Room_SF_1,corridor_sf_7,43.83,true
Room_SF_1,corridor_sf_8,45.22,true
Room_SF_1,stair_sf_6,73.98,true
Room_SF_1,stair_sf_4,51.57,true
Room_SF_30,Corridor_SF_44,115.69,true
Room_SF_30,Corridor_SF_56,91.49,true
Room_SF_30,Corridor_SF_57,61.69,true
Room_SF_30,Corridor_SF_58,42.5,true
Room_SF_30,Corridor_SF_59,24.86,true
Room_SF_30,Corridor_SF_60,28.11,true
Room_SF_30,Corridor_SF_61,48.78,true
Room_SF_30,Corridor_SF_62,71.55,true
Room_SF_30,stair_sf_8,107.16,true
Room_SF_30,stair_sf_7,16.3,true
Room_SF_30,corridor_sf_3,77.5,true
Room_SF_30,corridor_sf_4,75.82,true
Room_SF_30,corridor_sf_5,80.33,true
Room_SF_30,corridor_sf_6,89.26,true
Room_SF_30,stair_sf_15,94.46,true
Room_SF_30,stair_sf_18,88.21,true
Room_SF_30,stair_sf_6,87.85,true
Room_SF_9,Corridor_SF_38,33.34,true
Room_SF_9,Corridor_SF_39,11.19,true
Room_SF_9,Corridor_SF_40,43.37,true
Room_SF_9,Corridor_SF_41,67.46,true
Room_SF_9,Corridor_SF_42,93.14,true
Room_SF_9,stair_sf_11,26.93,true
Room_SF_9,stair_sf_16,46.37,true
path31,Room_SF_23,96.82,true
path31,corridor_sf_53,99.56,true
path31,Corridor_SF_50,81.99,true
path31,Corridor_SF_51,58.2,true
path31,Corridor_SF_52,34.05,true
path31,Corridor_SF_53,14.39,true
path31,Corridor_SF_54,18.25,true
path31,Corridor_SF_55,46.57,true
path31,Corridor_SF_56,118.01,true
path31,corridor_sf_2,85.5,true
path31,lift_sf,81.78,true
path31,corridor_sf_50,36.36,true
path31,corridor_sf_9,47.02,true
path31,corridor_sf_10,71.35,true
path31,corridor_sf_11,86.05,true
path31,stair_sf_1,62.88,true
path31,stair_sf_10,40.37,true
path31,stair_sf_5,67.74,true
Room_SF_20,Room_SF_23,73.93,true
Room_SF_20,Corridor_SF_50,105.72,true
Room_SF_20,Corridor_SF_51,81.61,true
Room_SF_20,Corridor_SF_52,56.86,true
Room_SF_20,Corridor_SF_53,33.59,true
Room_SF_20,Corridor_SF_54,14.78,true
Room_SF_20,Corridor_SF_55,24.07,true
Room_SF_20,Corridor_SF_56,94.36,true
Room_SF_20,corridor_sf_2,61.91,true
Room_SF_20,lift_sf,77.12,true
Room_SF_20,corridor_sf_3,108.96,true
Room_SF_20,corridor_sf_4,111.36,true
Room_SF_20,corridor_sf_50,15.94,true
Room_SF_20,corridor_sf_9,33.04,true
Room_SF_20,corridor_sf_10,61.29,true
Room_SF_20,corridor_sf_11,78.59,true
Room_SF_20,stair_sf_1,85.9,true
Room_SF_20,stair_sf_10,30.88,true
Room_SF_20,stair_sf_15,118.8,true
Room_SF_20,stair_sf_5,63.57,true
room_sf_60,Room_SF_23,42.34,true
room_sf_60,Corridor_SF_51,115.4,true
room_sf_60,Corridor_SF_52,90.45,true
room_sf_60,Corridor_SF_53,66.57,true
room_sf_60,Corridor_SF_54,45.16,true
room_sf_60,Corridor_SF_55,17.16,true
room_sf_60,Corridor_SF_56,60.95,true
room_sf_60,Corridor_SF_57,92.26,true
room_sf_60,Corridor_SF_58,113.14,true
room_sf_60,corridor_sf_2,29.13,true
room_sf_60,lift_sf,83.85,true
room_sf_60,corridor_sf_3,75.35,true
room_sf_60,corridor_sf_4,79.72,true
room_sf_60,corridor_sf_5,92.34,true
room_sf_60,corridor_sf_6,105.23,true
room_sf_60,corridor_sf_50,26.75,true
room_sf_60,corridor_sf_9,39.06,true
room_sf_60,corridor_sf_10,62.85,true
room_sf_60,corridor_sf_11,81.01,true
room_sf_60,stair_sf_1,119.44,true
room_sf_60,stair_sf_10,43.29,true
room_sf_60,stair_sf_15,86.36,true
room_sf_60,stair_sf_5,73.26,true
Room_SF_24,Room_SF_23,42.41,true
Room_SF_24,Corridor_SF_54,117.33,true
Room_SF_24,Corridor_SF_55,86.48,true
Room_SF_24,Corridor_SF_56,17.88,true
Room_SF_24,Corridor_SF_57,20.82,true
Room_SF_24,Corridor_SF_58,40.83,true
Room_SF_24,Corridor_SF_59,67.28,true
Room_SF_24,Corridor_SF_60,90.75,true
Room_SF_24,Corridor_SF_61,114.02,true
Room_SF_24,stair_sf_7,92.84,true
Room_SF_24,corridor_sf_2,47.05,true
Room_SF_24,corridor_sf_3,10.68,true
Room_SF_24,corridor_sf_4,32.04,true
Room_SF_24,corridor_sf_5,57.43,true
Room_SF_24,corridor_sf_6,77.34,true
Room_SF_24,corridor_sf_50,97.5,true
Room_SF_24,corridor_sf_9,100.9,true
Room_SF_24,corridor_sf_10,109.42,true
Room_SF_24,stair_sf_10,108.76,true
Room_SF_24,stair_sf_15,32.75,true
Room_SF_24,stair_sf_6,90.84,true
Room_SF_23,Room_SF_25,66.08,true
Room_SF_23,Room_SF_26,81.46,true
Room_SF_23,Room_SF_36,107.12,true
Room_SF_23,Room_SF_37,90.24,true
Room_SF_23,Corridor_SF_53,107.48,true
Room_SF_23,Corridor_SF_54,86.79,true
Room_SF_23,Corridor_SF_55,59.17,true
Room_SF_23,Corridor_SF_56,40.48,true
Room_SF_23,Corridor_SF_57,63.21,true
Room_SF_23,Corridor_SF_58,82.51,true
Room_SF_23,Corridor_SF_59,107.8,true
Room_SF_23,room_sf_24,26.31,true
Room_SF_23,room_sf_25,64.11,true
Room_SF_23,room_sf_26,41.22,true
Room_SF_23,room_sf_28,26.69,true
Room_SF_23,room_sf_29,20.89,true
Room_SF_23,room_sf_33,81.7,true
Room_SF_23,corridor_sf_2,32.86,true
Room_SF_23,room_sf_48,47.51,true
Room_SF_23,room_sf_49,59.34,true
Room_SF_23,room_sf_50,72.84,true
Room_SF_23,room_sf_51,59.7,true
Room_SF_23,corridor_sf_3,49.66,true
Room_SF_23,corridor_sf_4,64.62,true
Room_SF_23,corridor_sf_5,86.49,true
Room_SF_23,corridor_sf_6,104.62,true
Room_SF_23,corridor_sf_50,69.09,true
Room_SF_23,corridor_sf_9,79.53,true
Room_SF_23,corridor_sf_10,98.18,true
Room_SF_23,corridor_sf_11,114.88,true
Room_SF_23,stair_sf_10,68.46,true
Room_SF_23,stair_sf_15,44.93,true
Room_SF_23,stair_sf_5,111.59,true
Room_SF_25,Corridor_SF_55,112.55,true
Room_SF_25,Corridor_SF_56,41.56,true
Room_SF_25,Corridor_SF_57,12.8,true
Room_SF_25,Corridor_SF_58,17.52,true
Room_SF_25,Corridor_SF_59,41.76,true
Room_SF_25,Corridor_SF_60,64.88,true
Room_SF_25,Corridor_SF_61,87.89,true
Room_SF_25,Corridor_SF_62,109.18,true
Room_SF_25,stair_sf_7,68.25,true
Room_SF_25,corridor_sf_2,72.94,true
Room_SF_25,corridor_sf_3,27.29,true
Room_SF_25,corridor_sf_4,42.16,true
Room_SF_25,corridor_sf_5,64.24,true
Room_SF_25,corridor_sf_6,83.02,true
Room_SF_25,stair_sf_15,36.6,true
Room_SF_25,stair_sf_6,92.79,true
Room_SF_31,Corridor_SF_57,102.98,true
Room_SF_31,Corridor_SF_58,83.05,true
Room_SF_31,Corridor_SF_59,57.18,true
Room_SF_31,Corridor_SF_60,36.07,true
Room_SF_31,Corridor_SF_61,16.41,true
Room_SF_31,Corridor_SF_62,17.2,true
Room_SF_31,stair_sf_7,47.55,true
Room_SF_31,stair_sf_15,113.77,true
Room_SF_31,stair_sf_18,31.79,true
Room_SF_26,Corridor_SF_55,112.97,true
Room_SF_26,Corridor_SF_56,43.59,true
Room_SF_26,Corridor_SF_57,22.85,true
Room_SF_26,Corridor_SF_58,24.75,true
Room_SF_26,Corridor_SF_59,46.19,true
Room_SF_26,Corridor_SF_60,68.38,true
Room_SF_26,Corridor_SF_61,92.79,true
Room_SF_26,Corridor_SF_62,115.91,true
Room_SF_26,Corridor_SF_43,117.36,true
Room_SF_26,stair_sf_7,64.26,true
Room_SF_26,corridor_sf_2,74.57,true
Room_SF_26,corridor_sf_3,31.8,true
Room_SF_26,corridor_sf_4,25.86,true
Room_SF_26,corridor_sf_5,37.32,true
Room_SF_26,corridor_sf_6,53.7,true
Room_SF_26,corridor_sf_7,117.57,true
Room_SF_26,stair_sf_15,65.87,true
Room_SF_26,stair_sf_6,61.46,true
room_sf_36,Corridor_SF_44,84.87,true
room_sf_36,corridor_sf_51,13.34,true
room_sf_36,Room_SF_44,56.83,true
room_sf_36,stair_sf_8,59.03,true
room_sf_36,Room_SF_46,31.1,true
room_sf_36,Corridor_SF_48,20.04,true
room_sf_36,room_sf_34,65.97,true
room_sf_36,room_sf_35,33.9,true
room_sf_36,room_sf_37,106.96,true
room_sf_36,room_sf_38,117.19,true
room_sf_36,room_sf_39,115.07,true
room_sf_36,corridor_sf_1,42.01,true
room_sf_36,room_sf_40,44.24,true
room_sf_36,room_sf_56,20.45,true
room_sf_36,room_sf_57,37.8,true
room_sf_36,stair_sf_9,42.94,true
Room_SF_35,Corridor_SF_59,98.05,true
Room_SF_35,Corridor_SF_60,76.38,true
Room_SF_35,Corridor_SF_61,53.15,true
Room_SF_35,Corridor_SF_62,30.86,true
Room_SF_35,stair_sf_7,85.73,true
Room_SF_35,stair_sf_18,16.79,true
Room_SF_36,Corridor_SF_44,95.11,true
Room_SF_36,Corridor_SF_55,112.64,true
Room_SF_36,Corridor_SF_56,67.9,true
Room_SF_36,Corridor_SF_57,68.42,true
Room_SF_36,Corridor_SF_58,73.95,true
Room_SF_36,Corridor_SF_59,90.07,true
Room_SF_36,Corridor_SF_60,107.91,true
Room_SF_36,Corridor_SF_43,75.38,true
Room_SF_36,stair_sf_8,109.61,true
Room_SF_36,stair_sf_7,98.25,true
Room_SF_36,corridor_sf_2,84.66,true
Room_SF_36,lift_sf,110.37,true
Room_SF_36,corridor_sf_3,66.37,true
Room_SF_36,corridor_sf_4,45.21,true
Room_SF_36,corridor_sf_5,20.66,true
Room_SF_36,corridor_sf_6,8.22,true
Room_SF_36,corridor_sf_7,69.84,true
Room_SF_36,corridor_sf_8,89.57,true
Room_SF_36,corridor_sf_9,111.47,true
Room_SF_36,corridor_sf_10,99.14,true
Room_SF_36,corridor_sf_11,100.08,true
Room_SF_36,stair_sf_15,108.77,true
Room_SF_36,stair_sf_5,114.97,true
Room_SF_36,stair_sf_6,13.89,true
Room_SF_36,stair_sf_4,85.38,true
Room_SF_37,Corridor_SF_41,114.72,true
Room_SF_37,Corridor_SF_42,100.42,true
Room_SF_37,Corridor_SF_51,119.18,true
Room_SF_37,Corridor_SF_52,96.16,true
Room_SF_37,Corridor_SF_53,75.65,true
Room_SF_37,Corridor_SF_54,60.35,true
Room_SF_37,Corridor_SF_55,47.52,true
Room_SF_37,Corridor_SF_56,80.04,true
Room_SF_37,Corridor_SF_57,108.63,true
Room_SF_37,corridor_sf_2,58.33,true
Room_SF_37,lift_sf,32.15,true
Room_SF_37,corridor_sf_3,93.07,true
Room_SF_37,corridor_sf_4,82.48,true
Room_SF_37,corridor_sf_5,77.36,true
Room_SF_37,corridor_sf_6,78.64,true
Room_SF_37,corridor_sf_7,119.51,true
Room_SF_37,corridor_sf_50,49.37,true
Room_SF_37,corridor_sf_9,31.98,true
Room_SF_37,corridor_sf_10,13.21,true
Room_SF_37,corridor_sf_11,24.99,true
Room_SF_37,corridor_sf_12,92.5,true
Room_SF_37,corridor_sf_13,110.77,true
Room_SF_37,stair_sf_1,119.85,true
Room_SF_37,stair_sf_10,92.4,true
Room_SF_37,stair_sf_5,30.26,true
Room_SF_37,stair_sf_6,92.94,true
Room_SF_37,stair_sf_3,105.72,true
Corridor_SF_38,Corridor_SF_39,24.5,true
Corridor_SF_38,Corridor_SF_40,70.56,true
Corridor_SF_38,Corridor_SF_41,94.52,true
Corridor_SF_38,Corridor_SF_42,119.8,true
Corridor_SF_38,stair_sf_11,58.58,true
Corridor_SF_38,room_sf_45,44.8,true
Corridor_SF_38,room_sf_46,54.82,true
Corridor_SF_38,stair_sf_16,13.15,true
Corridor_SF_39,Corridor_SF_40,46.97,true
Corridor_SF_39,Corridor_SF_41,71.21,true
Corridor_SF_39,Corridor_SF_42,96.8,true
Corridor_SF_39,stair_sf_11,34.1,true
Corridor_SF_39,room_sf_43,119.44,true
Corridor_SF_39,room_sf_45,21.02,true
Corridor_SF_39,room_sf_46,32.01,true
Corridor_SF_39,stair_sf_16,37.62,true
Corridor_SF_40,Corridor_SF_41,24.29,true
Corridor_SF_40,Corridor_SF_42,49.96,true
Corridor_SF_40,stair_sf_11,20.04,true
Corridor_SF_40,room_sf_43,74.07,true
Corridor_SF_40,room_sf_44,77.71,true
Corridor_SF_40,room_sf_45,33.65,true
Corridor_SF_40,room_sf_46,16.16,true
Corridor_SF_40,lift_sf,100.58,true
Corridor_SF_40,corridor_sf_11,107.74,true
Corridor_SF_40,corridor_sf_12,77.31,true
Corridor_SF_40,corridor_sf_13,80.95,true
Corridor_SF_40,stair_sf_5,108.21,true
Corridor_SF_40,stair_sf_3,87.17,true
Corridor_SF_40,stair_sf_16,83.19,true
Corridor_SF_41,Corridor_SF_42,25.7,true
Corridor_SF_41,stair_sf_11,42.23,true
Corridor_SF_41,room_sf_43,50.98,true
Corridor_SF_41,room_sf_44,56.17,true
Corridor_SF_41,room_sf_45,57.14,true
Corridor_SF_41,room_sf_46,39.71,true
Corridor_SF_41,lift_sf,84.01,true
Corridor_SF_41,corridor_sf_10,105.84,true
Corridor_SF_41,corridor_sf_11,89.74,true
Corridor_SF_41,corridor_sf_12,53.09,true
Corridor_SF_41,corridor_sf_13,58.17,true
Corridor_SF_41,stair_sf_5,93.78,true
Corridor_SF_41,stair_sf_3,63.78,true
Corridor_SF_41,stair_sf_16,106.95,true
Corridor_SF_42,stair_sf_11,67.54,true
Corridor_SF_42,room_sf_43,27.81,true
Corridor_SF_42,room_sf_44,36.04,true
Corridor_SF_42,room_sf_45,82.67,true
Corridor_SF_42,room_sf_46,65.04,true
Corridor_SF_42,lift_sf,72.92,true
Corridor_SF_42,corridor_sf_9,119.57,true
Corridor_SF_42,corridor_sf_10,93.81,true
Corridor_SF_42,corridor_sf_11,76.05,true
Corridor_SF_42,corridor_sf_12,27.42,true
Corridor_SF_42,corridor_sf_13,35.31,true
Corridor_SF_42,stair_sf_5,85.13,true
Corridor_SF_42,stair_sf_4,119.66,true
Corridor_SF_42,stair_sf_3,39.51,true
Corridor_SF_44,corridor_sf_51,73.03,true
Corridor_SF_44,Corridor_SF_43,39.28,true
Corridor_SF_44,Room_SF_44,28.24,true
Corridor_SF_44,stair_sf_8,30.36,true
Corridor_SF_44,Room_SF_46,113.86,true
Corridor_SF_44,Corridor_SF_48,98.57,true
Corridor_SF_44,room_sf_34,19.14,true
Corridor_SF_44,room_sf_35,52.95,true
Corridor_SF_44,room_sf_37,23.15,true
Corridor_SF_44,room_sf_38,33.11,true
Corridor_SF_44,room_sf_39,31.26,true
Corridor_SF_44,corridor_sf_1,43.52,true
Corridor_SF_44,room_sf_40,45.41,true
Corridor_SF_44,room_sf_41,61.79,true
Corridor_SF_44,room_sf_42,64.83,true
Corridor_SF_44,corridor_sf_5,114.69,true
Corridor_SF_44,corridor_sf_6,100.3,true
Corridor_SF_44,corridor_sf_7,66.07,true
Corridor_SF_44,corridor_sf_8,68.97,true
Corridor_SF_44,room_sf_56,88.08,true
Corridor_SF_44,room_sf_57,47.96,true
Corridor_SF_44,stair_sf_6,83.31,true
Corridor_SF_44,stair_sf_4,75.19,true
corridor_sf_51,Corridor_SF_43,111.92,true
corridor_sf_51,Room_SF_44,44.8,true
corridor_sf_51,stair_sf_8,49.26,true
corridor_sf_51,Room_SF_46,40.96,true
corridor_sf_51,Corridor_SF_48,26.47,true
corridor_sf_51,room_sf_34,53.94,true
corridor_sf_51,room_sf_35,25.33,true
corridor_sf_51,room_sf_37,95.57,true
corridor_sf_51,room_sf_38,105.78,true
corridor_sf_51,room_sf_39,102.7,true
corridor_sf_51,corridor_sf_1,31.6,true
corridor_sf_51,room_sf_40,35.95,true
corridor_sf_51,room_sf_56,19.56,true
corridor_sf_51,room_sf_57,25.25,true
corridor_sf_51,stair_sf_9,51.39,true
corridor_sf_53,Corridor_SF_50,19.51,true
corridor_sf_53,Corridor_SF_51,45.29,true
corridor_sf_53,Corridor_SF_52,69.62,true
corridor_sf_53,Corridor_SF_53,93.38,true
corridor_sf_53,Corridor_SF_54,114.79,true
corridor_sf_53,room_sf_31,38.48,true
corridor_sf_53,room_sf_32,51.95,true
corridor_sf_53,stair_sf_19,30.44,true
corridor_sf_53,stair_sf_1,45.11,true
Corridor_SF_50,Corridor_SF_51,25.92,true
Corridor_SF_50,Corridor_SF_52,50.7,true
Corridor_SF_50,Corridor_SF_53,74.75,true
Corridor_SF_50,Corridor_SF_54,96.4,true
Corridor_SF_50,room_sf_25,118.22,true
Corridor_SF_50,room_sf_31,19.46,true
Corridor_SF_50,room_sf_32,33.7,true
Corridor_SF_50,corridor_sf_50,116.45,true
Corridor_SF_50,stair_sf_19,49.77,true
Corridor_SF_50,stair_sf_1,25.67,true
Corridor_SF_50,stair_sf_10,113.62,true
Corridor_SF_51,Corridor_SF_52,25.23,true
Corridor_SF_51,Corridor_SF_53,49.48,true
Corridor_SF_51,Corridor_SF_54,71.28,true
Corridor_SF_51,Corridor_SF_55,102.31,true
Corridor_SF_51,room_sf_25,97.87,true
Corridor_SF_51,room_sf_31,12.42,true
Corridor_SF_51,room_sf_32,11.62,true
Corridor_SF_51,room_sf_49,105.7,true
Corridor_SF_51,room_sf_50,103.61,true
Corridor_SF_51,lift_sf,106.68,true
Corridor_SF_51,corridor_sf_50,91.33,true
Corridor_SF_51,corridor_sf_9,94.36,true
Corridor_SF_51,corridor_sf_10,107.85,true
Corridor_SF_51,corridor_sf_11,115.17,true
Corridor_SF_51,stair_sf_19,75.66,true
Corridor_SF_51,stair_sf_1,7.2,true
Corridor_SF_51,stair_sf_10,93.38,true
Corridor_SF_51,stair_sf_5,95.6,true
Corridor_SF_52,Corridor_SF_53,24.25,true
Corridor_SF_52,Corridor_SF_54,46.06,true
Corridor_SF_52,Corridor_SF_55,77.09,true
Corridor_SF_52,room_sf_24,105.23,true
Corridor_SF_52,room_sf_25,76.38,true
Corridor_SF_52,room_sf_28,110.22,true
Corridor_SF_52,room_sf_31,36.46,true
Corridor_SF_52,room_sf_32,18.27,true
Corridor_SF_52,corridor_sf_2,116.85,true
Corridor_SF_52,room_sf_49,80.47,true
Corridor_SF_52,room_sf_50,78.84,true
Corridor_SF_52,lift_sf,87.73,true
Corridor_SF_52,corridor_sf_50,66.11,true
Corridor_SF_52,corridor_sf_9,69.72,true
Corridor_SF_52,corridor_sf_10,85.64,true
Corridor_SF_52,corridor_sf_11,95.19,true
Corridor_SF_52,stair_sf_19,100.04,true
Corridor_SF_52,stair_sf_1,29.03,true
Corridor_SF_52,stair_sf_10,72.14,true
Corridor_SF_52,stair_sf_5,75.32,true
Corridor_SF_53,Corridor_SF_54,21.82,true
Corridor_SF_53,Corridor_SF_55,52.85,true
Corridor_SF_53,room_sf_24,82.65,true
Corridor_SF_53,room_sf_25,58.27,true
Corridor_SF_53,room_sf_28,86.22,true
Corridor_SF_53,room_sf_29,96.77,true
Corridor_SF_53,room_sf_31,60.53,true
Corridor_SF_53,room_sf_32,41.44,true
Corridor_SF_53,corridor_sf_2,92.62,true
Corridor_SF_53,room_sf_49,56.25,true
Corridor_SF_53,room_sf_50,55.58,true
Corridor_SF_53,lift_sf,73.59,true
Corridor_SF_53,corridor_sf_50,41.86,true
Corridor_SF_53,corridor_sf_9,46.81,true
Corridor_SF_53,corridor_sf_10,66.68,true
Corridor_SF_53,corridor_sf_11,79.25,true
Corridor_SF_53,stair_sf_1,53.0,true
Corridor_SF_53,stair_sf_10,54.63,true
Corridor_SF_53,stair_sf_5,59.89,true
Corridor_SF_54,Corridor_SF_55,31.03,true
Corridor_SF_54,Corridor_SF_56,103.28,true
Corridor_SF_54,room_sf_24,62.93,true
Corridor_SF_54,room_sf_25,46.12,true
Corridor_SF_54,room_sf_28,64.62,true
Corridor_SF_54,room_sf_29,75.13,true
Corridor_SF_54,room_sf_31,82.33,true
Corridor_SF_54,room_sf_32,62.86,true
Corridor_SF_54,room_sf_33,110.24,true
Corridor_SF_54,corridor_sf_2,70.8,true
Corridor_SF_54,room_sf_48,107.18,true
Corridor_SF_54,room_sf_49,34.59,true
Corridor_SF_54,room_sf_50,36.28,true
Corridor_SF_54,room_sf_51,109.91,true
Corridor_SF_54,lift_sf,66.99,true
Corridor_SF_54,corridor_sf_3,118.09,true
Corridor_SF_54,corridor_sf_4,118.16,true
Corridor_SF_54,corridor_sf_50,20.06,true
Corridor_SF_54,corridor_sf_9,28.8,true
Corridor_SF_54,corridor_sf_10,54.22,true
Corridor_SF_54,corridor_sf_11,70.03,true
Corridor_SF_54,stair_sf_1,74.78,true
Corridor_SF_54,stair_sf_10,43.76,true
Corridor_SF_54,stair_sf_5,53.01,true
Corridor_SF_55,Corridor_SF_56,72.25,true
Corridor_SF_55,Corridor_SF_57,104.25,true
Corridor_SF_55,room_sf_24,39.5,true
Corridor_SF_55,room_sf_25,44.96,true
Corridor_SF_55,room_sf_26,99.0,true
Corridor_SF_55,room_sf_28,34.59,true
Corridor_SF_55,room_sf_29,44.84,true
Corridor_SF_55,room_sf_31,113.32,true
Corridor_SF_55,room_sf_32,93.71,true
Corridor_SF_55,room_sf_33,83.21,true
Corridor_SF_55,corridor_sf_2,39.77,true
Corridor_SF_55,room_sf_48,76.24,true
Corridor_SF_55,room_sf_49,5.74,true
Corridor_SF_55,room_sf_50,20.19,true
Corridor_SF_55,room_sf_51,79.64,true
Corridor_SF_55,lift_sf,68.68,true
Corridor_SF_55,corridor_sf_3,87.06,true
Corridor_SF_55,corridor_sf_4,87.82,true
Corridor_SF_55,corridor_sf_5,96.26,true
Corridor_SF_55,corridor_sf_6,106.39,true
Corridor_SF_55,corridor_sf_50,11.03,true
Corridor_SF_55,corridor_sf_9,22.5,true
Corridor_SF_55,corridor_sf_10,48.7,true
Corridor_SF_55,corridor_sf_11,67.05,true
Corridor_SF_55,stair_sf_1,105.75,true
Corridor_SF_55,stair_sf_10,45.73,true
Corridor_SF_55,stair_sf_15,102.49,true
Corridor_SF_55,stair_sf_5,57.22,true
Corridor_SF_56,Corridor_SF_57,32.06,true
Corridor_SF_56,Corridor_SF_58,52.85,true
Corridor_SF_56,Corridor_SF_59,80.01,true
Corridor_SF_56,Corridor_SF_60,103.77,true
Corridor_SF_56,stair_sf_7,103.75,true
Corridor_SF_56,room_sf_24,59.13,true
Corridor_SF_56,room_sf_25,96.55,true
Corridor_SF_56,room_sf_26,46.68,true
Corridor_SF_56,room_sf_27,96.39,true
Corridor_SF_56,room_sf_28,41.78,true
Corridor_SF_56,room_sf_29,32.21,true
Corridor_SF_56,room_sf_30,116.45,true
Corridor_SF_56,room_sf_33,46.07,true
Corridor_SF_56,corridor_sf_2,32.55,true
Corridor_SF_56,room_sf_48,7.04,true
Corridor_SF_56,room_sf_49,69.11,true
Corridor_SF_56,room_sf_50,75.6,true
Corridor_SF_56,room_sf_51,20.1,true
Corridor_SF_56,lift_sf,112.19,true
Corridor_SF_56,corridor_sf_3,14.86,true
Corridor_SF_56,corridor_sf_4,24.15,true
Corridor_SF_56,corridor_sf_5,47.29,true
Corridor_SF_56,corridor_sf_6,66.52,true
Corridor_SF_56,corridor_sf_50,83.23,true
Corridor_SF_56,corridor_sf_9,84.71,true
Corridor_SF_56,corridor_sf_10,91.74,true
Corridor_SF_56,corridor_sf_11,104.3,true
Corridor_SF_56,stair_sf_10,100.23,true
Corridor_SF_56,stair_sf_15,48.34,true
Corridor_SF_56,stair_sf_5,108.23,true
Corridor_SF_56,stair_sf_6,81.73,true
Corridor_SF_57,Corridor_SF_58,20.9,true
Corridor_SF_57,Corridor_SF_59,48.01,true
Corridor_SF_57,Corridor_SF_60,71.76,true
Corridor_SF_57,Corridor_SF_61,95.66,true
Corridor_SF_57,Corridor_SF_62,117.75,true
Corridor_SF_57,stair_sf_7,72.57,true
Corridor_SF_57,room_sf_24,86.83,true
Corridor_SF_57,room_sf_26,44.01,true
Corridor_SF_57,room_sf_27,64.38,true
Corridor_SF_57,room_sf_28,72.58,true
Corridor_SF_57,room_sf_29,62.31,true
Corridor_SF_57,room_sf_30,84.72,true
Corridor_SF_57,room_sf_33,59.61,true
Corridor_SF_57,corridor_sf_2,64.48,true
Corridor_SF_57,room_sf_48,29.41,true
Corridor_SF_57,room_sf_49,101.17,true
Corridor_SF_57,room_sf_50,107.22,true
Corridor_SF_57,room_sf_51,34.73,true
Corridor_SF_57,corridor_sf_3,17.2,true
Corridor_SF_57,corridor_sf_4,29.37,true
Corridor_SF_57,corridor_sf_5,51.77,true
Corridor_SF_57,corridor_sf_6,70.87,true
Corridor_SF_57,corridor_sf_50,115.25,true
Corridor_SF_57,corridor_sf_9,116.45,true
Corridor_SF_57,stair_sf_15,43.03,true
Corridor_SF_57,stair_sf_6,81.47,true
Corridor_SF_58,Corridor_SF_59,27.16,true
Corridor_SF_58,Corridor_SF_60,50.92,true
Corridor_SF_58,Corridor_SF_61,74.97,true
Corridor_SF_58,Corridor_SF_62,97.32,true
Corridor_SF_58,stair_sf_7,52.01,true
Corridor_SF_58,room_sf_24,106.99,true
Corridor_SF_58,room_sf_26,55.78,true
Corridor_SF_58,room_sf_27,44.06,true
Corridor_SF_58,room_sf_28,93.43,true
Corridor_SF_58,room_sf_29,83.1,true
Corridor_SF_58,room_sf_30,63.84,true
Corridor_SF_58,room_sf_33,73.02,true
Corridor_SF_58,corridor_sf_2,85.35,true
Corridor_SF_58,room_sf_48,49.6,true
Corridor_SF_58,room_sf_51,52.14,true
Corridor_SF_58,corridor_sf_3,38.03,true
Corridor_SF_58,corridor_sf_4,45.05,true
Corridor_SF_58,corridor_sf_5,61.77,true
Corridor_SF_58,corridor_sf_6,78.42,true
Corridor_SF_58,stair_sf_15,53.56,true
Corridor_SF_58,stair_sf_18,113.96,true
Corridor_SF_58,stair_sf_6,85.31,true
Corridor_SF_59,Corridor_SF_60,23.76,true
Corridor_SF_59,Corridor_SF_61,47.93,true
Corridor_SF_59,Corridor_SF_62,70.57,true
Corridor_SF_59,stair_sf_7,27.3,true
Corridor_SF_59,room_sf_26,75.78,true
Corridor_SF_59,room_sf_27,18.24,true
Corridor_SF_59,room_sf_29,109.94,true
Corridor_SF_59,room_sf_30,37.11,true
Corridor_SF_59,room_sf_33,95.79,true
Corridor_SF_59,corridor_sf_2,112.49,true
Corridor_SF_59,room_sf_48,76.64,true
Corridor_SF_59,room_sf_51,78.04,true
Corridor_SF_59,corridor_sf_3,65.18,true
Corridor_SF_59,corridor_sf_4,70.39,true
Corridor_SF_59,corridor_sf_5,82.59,true
Corridor_SF_59,corridor_sf_6,96.13,true
Corridor_SF_59,stair_sf_15,72.76,true
Corridor_SF_59,stair_sf_18,87.37,true
Corridor_SF_59,stair_sf_6,98.96,true
Corridor_SF_60,Corridor_SF_61,24.46,true
Corridor_SF_60,Corridor_SF_62,47.53,true
Corridor_SF_60,stair_sf_7,15.55,true
Corridor_SF_60,room_sf_26,96.17,true
Corridor_SF_60,room_sf_27,11.58,true
Corridor_SF_60,room_sf_30,15.1,true
Corridor_SF_60,room_sf_33,117.28,true
Corridor_SF_60,room_sf_48,100.36,true
Corridor_SF_60,room_sf_51,101.25,true
Corridor_SF_60,corridor_sf_3,88.94,true
Corridor_SF_60,corridor_sf_4,93.42,true
Corridor_SF_60,corridor_sf_5,103.28,true
Corridor_SF_60,corridor_sf_6,114.73,true
Corridor_SF_60,stair_sf_15,92.85,true
Corridor_SF_60,stair_sf_18,64.46,true
Corridor_SF_60,stair_sf_6,114.96,true
Corridor_SF_61,Corridor_SF_62,23.24,true
Corridor_SF_61,stair_sf_7,32.66,true
Corridor_SF_61,room_sf_26,116.07,true
Corridor_SF_61,room_sf_27,31.75,true
Corridor_SF_61,room_sf_30,18.21,true
Corridor_SF_61,corridor_sf_3,112.87,true
Corridor_SF_61,corridor_sf_4,117.88,true
Corridor_SF_61,stair_sf_15,112.53,true
Corridor_SF_61,stair_sf_18,40.18,true
Corridor_SF_62,stair_sf_7,55.27,true
Corridor_SF_62,room_sf_27,53.37,true
Corridor_SF_62,room_sf_30,40.2,true
Corridor_SF_62,stair_sf_18,16.94,true
stair_sf_11,room_sf_43,93.09,true
stair_sf_11,room_sf_44,97.37,true
stair_sf_11,room_sf_45,15.46,true
stair_sf_11,room_sf_46,17.86,true
stair_sf_11,lift_sf,106.8,true
stair_sf_11,corridor_sf_11,115.14,true
stair_sf_11,corridor_sf_12,94.9,true
stair_sf_11,corridor_sf_13,100.16,true
stair_sf_11,stair_sf_5,112.17,true
stair_sf_11,stair_sf_3,105.99,true
stair_sf_11,stair_sf_16,71.72,true
Corridor_SF_43,Room_SF_44,67.21,true
Corridor_SF_43,stair_sf_8,68.57,true
Corridor_SF_43,room_sf_33,101.64,true
Corridor_SF_43,room_sf_34,58.05,true
Corridor_SF_43,room_sf_35,92.16,true
Corridor_SF_43,room_sf_37,20.76,true
Corridor_SF_43,room_sf_38,14.13,true
Corridor_SF_43,room_sf_39,10.81,true
Corridor_SF_43,corridor_sf_1,82.79,true
Corridor_SF_43,room_sf_40,84.14,true
Corridor_SF_43,room_sf_41,25.15,true
Corridor_SF_43,room_sf_42,32.66,true
Corridor_SF_43,corridor_sf_5,96.02,true
Corridor_SF_43,corridor_sf_6,77.79,true
Corridor_SF_43,corridor_sf_7,26.83,true
Corridor_SF_43,corridor_sf_8,32.63,true
Corridor_SF_43,room_sf_57,86.69,true
Corridor_SF_43,stair_sf_6,61.6,true
Corridor_SF_43,stair_sf_4,37.11,true
Corridor_SF_43,stair_sf_3,118.59,true
Room_SF_44,stair_sf_8,16.03,true
Room_SF_44,Corridor_SF_48,70.4,true
Room_SF_44,corridor_sf_1,17.13,true
Room_SF_44,corridor_sf_7,94.04,true
Room_SF_44,corridor_sf_8,95.15,true
Room_SF_44,stair_sf_6,108.09,true
Room_SF_44,stair_sf_9,95.29,true
Room_SF_44,stair_sf_4,102.06,true
stair_sf_8,Room_SF_46,89.7,true
stair_sf_8,Corridor_SF_48,75.73,true
stair_sf_8,stair_sf_7,113.63,true
stair_sf_8,room_sf_34,17.99,true
stair_sf_8,room_sf_35,25.21,true
stair_sf_8,room_sf_37,49.45,true
stair_sf_8,room_sf_38,59.54,true
stair_sf_8,room_sf_39,61.46,true
stair_sf_8,corridor_sf_1,17.72,true
stair_sf_8,room_sf_40,15.77,true
stair_sf_8,room_sf_41,91.99,true
stair_sf_8,room_sf_42,95.17,true
stair_sf_8,corridor_sf_6,116.22,true
stair_sf_8,corridor_sf_7,94.9,true
stair_sf_8,corridor_sf_8,99.24,true
stair_sf_8,room_sf_56,67.36,true
stair_sf_8,room_sf_57,28.01,true
stair_sf_8,stair_sf_6,100.2,true
stair_sf_8,stair_sf_9,100.6,true
stair_sf_8,stair_sf_4,105.2,true
Room_SF_46,Corridor_SF_48,16.03,true
Room_SF_46,corridor_sf_1,72.28,true
Room_SF_46,stair_sf_9,12.71,true
Corridor_SF_48,room_sf_34,79.44,true
Corridor_SF_48,room_sf_35,51.45,true
Corridor_SF_48,corridor_sf_1,58.06,true
Corridor_SF_48,room_sf_40,62.08,true
Corridor_SF_48,room_sf_56,12.55,true
Corridor_SF_48,room_sf_57,50.66,true
Corridor_SF_48,stair_sf_9,24.98,true
stair_sf_7,room_sf_26,103.07,true
stair_sf_7,room_sf_27,24.97,true
stair_sf_7,room_sf_30,15.18,true
stair_sf_7,room_sf_33,110.98,true
stair_sf_7,room_sf_40,116.06,true
stair_sf_7,room_sf_48,99.44,true
stair_sf_7,room_sf_51,98.23,true
stair_sf_7,corridor_sf_3,89.25,true
stair_sf_7,corridor_sf_4,90.08,true
stair_sf_7,corridor_sf_5,96.26,true
stair_sf_7,corridor_sf_6,105.55,true
stair_sf_7,stair_sf_15,100.04,true
stair_sf_7,stair_sf_18,71.91,true
stair_sf_7,stair_sf_6,103.95,true
room_sf_24,corridor_sf_2,35.09,true
room_sf_24,lift_sf,106.71,true
room_sf_24,corridor_sf_3,71.45,true
room_sf_24,corridor_sf_4,81.83,true
room_sf_24,corridor_sf_5,99.6,true
room_sf_24,corridor_sf_6,115.34,true
room_sf_24,corridor_sf_50,47.46,true
room_sf_24,corridor_sf_9,61.83,true
room_sf_24,corridor_sf_10,85.54,true
room_sf_24,corridor_sf_11,103.55,true
room_sf_24,stair_sf_10,42.67,true
room_sf_24,stair_sf_15,70.87,true
room_sf_24,stair_sf_5,96.19,true
room_sf_25,corridor_sf_2,67.89,true
room_sf_25,lift_sf,108.86,true
room_sf_25,corridor_sf_3,109.56,true
room_sf_25,corridor_sf_4,117.97,true
room_sf_25,corridor_sf_50,43.85,true
room_sf_25,corridor_sf_9,62.88,true
room_sf_25,corridor_sf_10,91.38,true
room_sf_25,corridor_sf_11,109.35,true
room_sf_25,stair_sf_1,103.69,true
room_sf_25,stair_sf_10,4.63,true
room_sf_25,stair_sf_15,107.05,true
room_sf_25,stair_sf_5,95.63,true
room_sf_26,corridor_sf_2,64.64,true
room_sf_26,corridor_sf_3,42.43,true
room_sf_26,corridor_sf_4,63.94,true
room_sf_26,corridor_sf_5,89.32,true
room_sf_26,corridor_sf_6,109.24,true
room_sf_26,corridor_sf_50,109.42,true
room_sf_26,corridor_sf_9,117.68,true
room_sf_26,stair_sf_10,107.82,true
room_sf_26,stair_sf_15,3.78,true
room_sf_27,corridor_sf_3,81.55,true
room_sf_27,corridor_sf_4,88.32,true
room_sf_27,corridor_sf_5,100.77,true
room_sf_27,corridor_sf_6,113.88,true
room_sf_27,stair_sf_15,82.08,true
room_sf_27,stair_sf_18,69.92,true
room_sf_27,stair_sf_6,115.83,true
room_sf_28,corridor_sf_2,13.01,true
room_sf_28,lift_sf,93.43,true
room_sf_28,corridor_sf_3,55.84,true
room_sf_28,corridor_sf_4,62.3,true
room_sf_28,corridor_sf_5,78.14,true
room_sf_28,corridor_sf_6,93.32,true
room_sf_28,corridor_sf_50,45.33,true
room_sf_28,corridor_sf_9,53.36,true
room_sf_28,corridor_sf_10,71.61,true
room_sf_28,corridor_sf_11,88.61,true
room_sf_28,stair_sf_10,59.04,true
room_sf_28,stair_sf_15,68.06,true
room_sf_28,stair_sf_5,84.9,true
room_sf_28,stair_sf_6,110.28,true
room_sf_29,corridor_sf_2,11.97,true
room_sf_29,lift_sf,100.22,true
room_sf_29,corridor_sf_3,45.79,true
room_sf_29,corridor_sf_4,54.14,true
room_sf_29,corridor_sf_5,72.2,true
room_sf_29,corridor_sf_6,88.72,true
room_sf_29,corridor_sf_50,55.7,true
room_sf_29,corridor_sf_9,62.51,true
room_sf_29,corridor_sf_10,78.4,true
room_sf_29,corridor_sf_11,94.61,true
room_sf_29,stair_sf_10,68.02,true
room_sf_29,stair_sf_15,58.47,true
room_sf_29,stair_sf_5,92.65,true
room_sf_29,stair_sf_6,105.43,true
room_sf_30,corridor_sf_3,101.74,true
room_sf_30,corridor_sf_4,104.17,true
room_sf_30,corridor_sf_5,111.3,true
room_sf_30,stair_sf_15,107.84,true
room_sf_30,stair_sf_18,56.76,true
room_sf_30,stair_sf_6,118.89,true
room_sf_31,lift_sf,112.04,true
room_sf_31,corridor_sf_50,102.3,true
room_sf_31,corridor_sf_9,104.0,true
room_sf_31,corridor_sf_10,115.3,true
room_sf_31,stair_sf_19,67.98,true
room_sf_31,stair_sf_1,7.61,true
room_sf_31,stair_sf_10,105.79,true
room_sf_31,stair_sf_5,101.93,true
room_sf_32,lift_sf,104.95,true
room_sf_32,corridor_sf_50,82.87,true
room_sf_32,corridor_sf_9,87.74,true
room_sf_32,corridor_sf_10,103.79,true
room_sf_32,corridor_sf_11,112.79,true
room_sf_32,stair_sf_19,82.27,true
room_sf_32,stair_sf_1,18.47,true
room_sf_32,stair_sf_10,82.12,true
room_sf_32,stair_sf_5,92.95,true
room_sf_33,corridor_sf_2,56.06,true
room_sf_33,lift_sf,89.98,true
room_sf_33,corridor_sf_3,50.42,true
room_sf_33,corridor_sf_4,30.38,true
room_sf_33,corridor_sf_5,15.42,true
room_sf_33,corridor_sf_6,24.31,true
room_sf_33,corridor_sf_7,90.77,true
room_sf_33,corridor_sf_8,110.02,true
room_sf_33,corridor_sf_50,92.01,true
room_sf_33,corridor_sf_9,83.49,true
room_sf_33,corridor_sf_10,75.1,true
room_sf_33,corridor_sf_11,80.08,true
room_sf_33,stair_sf_15,92.77,true
room_sf_33,stair_sf_5,91.88,true
room_sf_33,stair_sf_6,41.34,true
room_sf_33,stair_sf_4,104.17,true
room_sf_34,corridor_sf_1,25.53,true
room_sf_34,corridor_sf_6,117.02,true
room_sf_34,corridor_sf_7,84.89,true
room_sf_34,corridor_sf_8,86.28,true
room_sf_34,stair_sf_6,100.26,true
room_sf_34,stair_sf_9,104.28,true
room_sf_34,stair_sf_4,93.06,true
room_sf_35,corridor_sf_1,9.71,true
room_sf_35,corridor_sf_7,118.86,true
room_sf_35,stair_sf_9,76.04,true
room_sf_37,corridor_sf_1,65.05,true
room_sf_37,corridor_sf_4,116.96,true
room_sf_37,corridor_sf_5,94.76,true
room_sf_37,corridor_sf_6,78.97,true
room_sf_37,corridor_sf_7,45.74,true
room_sf_37,corridor_sf_8,53.35,true
room_sf_37,stair_sf_6,61.92,true
room_sf_37,stair_sf_4,57.75,true
room_sf_38,corridor_sf_1,75.27,true
room_sf_38,corridor_sf_4,111.6,true
room_sf_38,corridor_sf_5,88.47,true
room_sf_38,corridor_sf_6,71.63,true
room_sf_38,corridor_sf_7,36.26,true
room_sf_38,corridor_sf_8,46.07,true
room_sf_38,stair_sf_6,54.71,true
room_sf_38,stair_sf_4,49.45,true
room_sf_39,corridor_sf_1,74.48,true
room_sf_39,corridor_sf_5,105.07,true
room_sf_39,corridor_sf_6,87.35,true
room_sf_39,corridor_sf_7,36.43,true
room_sf_39,corridor_sf_8,37.79,true
room_sf_39,stair_sf_6,70.81,true
room_sf_39,stair_sf_4,43.97,true
corridor_sf_1,room_sf_40,9.13,true
corridor_sf_1,room_sf_41,104.79,true
corridor_sf_1,room_sf_42,106.48,true
corridor_sf_1,corridor_sf_7,109.54,true
corridor_sf_1,corridor_sf_8,111.76,true
corridor_sf_1,room_sf_56,49.68,true
corridor_sf_1,room_sf_57,12.27,true
corridor_sf_1,stair_sf_6,117.88,true
corridor_sf_1,stair_sf_9,82.98,true
corridor_sf_1,stair_sf_4,118.42,true
room_sf_40,corridor_sf_7,110.59,true
room_sf_40,corridor_sf_8,114.37,true
room_sf_40,stair_sf_6,114.43,true
room_sf_40,stair_sf_9,86.63,true
room_sf_41,corridor_sf_5,105.46,true
room_sf_41,corridor_sf_6,85.77,true
room_sf_41,corridor_sf_7,16.97,true
room_sf_41,corridor_sf_8,7.49,true
room_sf_41,corridor_sf_12,106.23,true
room_sf_41,corridor_sf_13,103.96,true
room_sf_41,stair_sf_6,72.07,true
room_sf_41,stair_sf_4,13.93,true
room_sf_41,stair_sf_3,96.67,true
room_sf_42,corridor_sf_5,117.1,true
room_sf_42,corridor_sf_6,97.4,true
room_sf_42,corridor_sf_7,28.31,true
room_sf_42,corridor_sf_8,10.56,true
room_sf_42,corridor_sf_12,108.9,true
room_sf_42,corridor_sf_13,104.6,true
room_sf_42,stair_sf_6,83.7,true
room_sf_42,stair_sf_4,19.3,true
room_sf_42,stair_sf_3,97.81,true
room_sf_43,lift_sf,85.96,true
room_sf_43,corridor_sf_7,105.52,true
room_sf_43,corridor_sf_8,103.5,true
room_sf_43,corridor_sf_10,104.2,true
room_sf_43,corridor_sf_11,85.86,true
room_sf_43,corridor_sf_12,15.2,true
room_sf_43,corridor_sf_13,7.5,true
room_sf_43,stair_sf_5,99.63,true
room_sf_43,stair_sf_4,96.08,true
room_sf_43,stair_sf_3,13.27,true
room_sf_44,lift_sf,97.36,true
room_sf_44,corridor_sf_7,107.25,true
room_sf_44,corridor_sf_8,103.12,true
room_sf_44,corridor_sf_10,115.48,true
room_sf_44,corridor_sf_11,97.15,true
room_sf_44,corridor_sf_12,26.17,true
room_sf_44,corridor_sf_13,8.88,true
room_sf_44,stair_sf_5,111.04,true
room_sf_44,stair_sf_4,96.3,true
room_sf_44,stair_sf_3,16.85,true
room_sf_45,corridor_sf_12,110.07,true
room_sf_45,corridor_sf_13,114.59,true
room_sf_45,stair_sf_16,57.92,true
room_sf_46,lift_sf,115.95,true
room_sf_46,corridor_sf_12,92.1,true
room_sf_46,corridor_sf_13,94.0,true
room_sf_46,stair_sf_3,100.73,true
room_sf_46,stair_sf_16,67.27,true
corridor_sf_2,room_sf_48,37.05,true
corridor_sf_2,room_sf_49,36.98,true
corridor_sf_2,room_sf_50,45.86,true
corridor_sf_2,room_sf_51,43.01,true
corridor_sf_2,lift_sf,89.28,true
corridor_sf_2,corridor_sf_3,47.32,true
corridor_sf_2,corridor_sf_4,50.67,true
corridor_sf_2,corridor_sf_5,65.26,true
corridor_sf_2,corridor_sf_6,80.32,true
corridor_sf_2,corridor_sf_50,50.79,true
corridor_sf_2,corridor_sf_9,54.32,true
corridor_sf_2,corridor_sf_10,67.56,true
corridor_sf_2,corridor_sf_11,83.26,true
corridor_sf_2,stair_sf_10,71.01,true
corridor_sf_2,stair_sf_15,67.68,true
corridor_sf_2,stair_sf_5,82.45,true
corridor_sf_2,stair_sf_6,97.27,true
room_sf_48,lift_sf,111.93,true
room_sf_48,corridor_sf_3,13.17,true
room_sf_48,corridor_sf_4,17.12,true
room_sf_48,corridor_sf_5,40.61,true
room_sf_48,corridor_sf_6,60.07,true
room_sf_48,corridor_sf_50,87.12,true
room_sf_48,corridor_sf_9,87.2,true
room_sf_48,corridor_sf_10,92.07,true
room_sf_48,corridor_sf_11,103.63,true
room_sf_48,stair_sf_10,106.19,true
room_sf_48,stair_sf_15,52.48,true
room_sf_48,stair_sf_5,108.84,true
room_sf_48,stair_sf_6,75.0,true
room_sf_49,lift_sf,65.19,true
room_sf_49,corridor_sf_3,83.96,true
room_sf_49,corridor_sf_4,83.61,true
room_sf_49,corridor_sf_5,91.16,true
room_sf_49,corridor_sf_6,100.91,true
room_sf_49,corridor_sf_50,14.72,true
room_sf_49,corridor_sf_9,20.4,true
room_sf_49,corridor_sf_10,44.59,true
room_sf_49,corridor_sf_11,62.9,true
room_sf_49,stair_sf_1,108.85,true
room_sf_49,stair_sf_10,51.39,true
room_sf_49,stair_sf_15,101.67,true
room_sf_49,stair_sf_5,54.4,true
room_sf_49,stair_sf_6,117.6,true
room_sf_50,lift_sf,49.31,true
room_sf_50,corridor_sf_3,90.23,true
room_sf_50,corridor_sf_4,86.06,true
room_sf_50,corridor_sf_5,89.08,true
room_sf_50,corridor_sf_6,95.84,true
room_sf_50,corridor_sf_50,21.7,true
room_sf_50,corridor_sf_9,9.43,true
room_sf_50,corridor_sf_10,28.64,true
room_sf_50,corridor_sf_11,46.98,true
room_sf_50,corridor_sf_12,117.86,true
room_sf_50,stair_sf_1,105.77,true
room_sf_50,stair_sf_10,64.47,true
room_sf_50,stair_sf_15,113.11,true
room_sf_50,stair_sf_5,39.08,true
room_sf_50,stair_sf_6,111.86,true
room_sf_51,lift_sf,106.36,true
room_sf_51,corridor_sf_3,22.92,true
room_sf_51,corridor_sf_4,8.27,true
room_sf_51,corridor_sf_5,27.2,true
room_sf_51,corridor_sf_6,46.5,true
room_sf_51,corridor_sf_7,115.78,true
room_sf_51,corridor_sf_50,90.08,true
room_sf_51,corridor_sf_9,87.25,true
room_sf_51,corridor_sf_10,87.82,true
room_sf_51,corridor_sf_11,97.4,true
room_sf_51,stair_sf_10,113.92,true
room_sf_51,stair_sf_15,65.15,true
room_sf_51,stair_sf_5,104.9,true
room_sf_51,stair_sf_6,61.64,true
lift_sf,corridor_sf_4,113.51,true
lift_sf,corridor_sf_5,105.13,true
lift_sf,corridor_sf_6,102.17,true
lift_sf,corridor_sf_50,65.49,true
lift_sf,corridor_sf_9,46.8,true
lift_sf,corridor_sf_10,21.84,true
lift_sf,corridor_sf_11,10.3,true
lift_sf,corridor_sf_12,71.76,true
lift_sf,corridor_sf_13,90.67,true
lift_sf,stair_sf_1,105.48,true
lift_sf,stair_sf_10,107.83,true
lift_sf,stair_sf_5,14.06,true
lift_sf,stair_sf_6,113.82,true
lift_sf,stair_sf_3,87.5,true
corridor_sf_3,corridor_sf_4,21.51,true
corridor_sf_3,corridor_sf_5,46.89,true
corridor_sf_3,corridor_sf_6,66.81,true
corridor_sf_3,corridor_sf_50,98.06,true
corridor_sf_3,corridor_sf_9,99.41,true
corridor_sf_3,corridor_sf_10,105.19,true
corridor_sf_3,corridor_sf_11,116.79,true
corridor_sf_3,stair_sf_10,113.42,true
corridor_sf_3,stair_sf_15,42.96,true
corridor_sf_3,stair_sf_6,80.16,true
corridor_sf_4,corridor_sf_5,25.39,true
corridor_sf_4,corridor_sf_6,45.31,true
corridor_sf_4,corridor_sf_7,114.52,true
corridor_sf_4,corridor_sf_50,98.31,true
corridor_sf_4,corridor_sf_9,95.49,true
corridor_sf_4,corridor_sf_10,95.41,true
corridor_sf_4,corridor_sf_11,104.35,true
corridor_sf_4,stair_sf_15,64.45,true
corridor_sf_4,stair_sf_5,112.53,true
corridor_sf_4,stair_sf_6,59.08,true
corridor_sf_5,corridor_sf_6,19.92,true
corridor_sf_5,corridor_sf_7,89.18,true
corridor_sf_5,corridor_sf_8,108.87,true
corridor_sf_5,corridor_sf_50,105.57,true
corridor_sf_5,corridor_sf_9,98.16,true
corridor_sf_5,corridor_sf_10,90.52,true
corridor_sf_5,corridor_sf_11,95.15,true
corridor_sf_5,stair_sf_15,89.77,true
corridor_sf_5,stair_sf_5,107.29,true
corridor_sf_5,stair_sf_6,34.45,true
corridor_sf_5,stair_sf_4,104.03,true
corridor_sf_6,corridor_sf_7,69.36,true
corridor_sf_6,corridor_sf_8,89.01,true
corridor_sf_6,corridor_sf_50,114.61,true
corridor_sf_6,corridor_sf_9,104.26,true
corridor_sf_6,corridor_sf_10,91.17,true
corridor_sf_6,corridor_sf_11,91.88,true
corridor_sf_6,corridor_sf_12,119.14,true
corridor_sf_6,stair_sf_15,109.68,true
corridor_sf_6,stair_sf_5,106.89,true
corridor_sf_6,stair_sf_6,17.05,true
corridor_sf_6,stair_sf_4,84.11,true
corridor_sf_7,corridor_sf_8,19.73,true
corridor_sf_7,room_sf_57,113.5,true
corridor_sf_7,corridor_sf_11,118.19,true
corridor_sf_7,corridor_sf_12,99.61,true
corridor_sf_7,corridor_sf_13,100.32,true
corridor_sf_7,stair_sf_6,56.49,true
corridor_sf_7,stair_sf_4,16.88,true
corridor_sf_7,stair_sf_3,92.47,true
corridor_sf_8,room_sf_57,113.62,true
corridor_sf_8,corridor_sf_12,100.4,true
corridor_sf_8,corridor_sf_13,97.37,true
corridor_sf_8,stair_sf_6,76.18,true
corridor_sf_8,stair_sf_4,8.89,true
corridor_sf_8,stair_sf_3,90.23,true
room_sf_56,stair_sf_9,35.68,true
room_sf_57,stair_sf_9,75.57,true
corridor_sf_50,corridor_sf_9,19.04,true
corridor_sf_50,corridor_sf_10,47.54,true
corridor_sf_50,corridor_sf_11,65.51,true
corridor_sf_50,stair_sf_1,94.73,true
corridor_sf_50,stair_sf_10,43.48,true
corridor_sf_50,stair_sf_15,112.95,true
corridor_sf_50,stair_sf_5,52.81,true
corridor_sf_9,corridor_sf_10,28.56,true
corridor_sf_9,corridor_sf_11,46.48,true
corridor_sf_9,corridor_sf_12,117.45,true
corridor_sf_9,stair_sf_1,96.42,true
corridor_sf_9,stair_sf_10,62.4,true
corridor_sf_9,stair_sf_5,34.79,true
corridor_sf_10,corridor_sf_11,18.35,true
corridor_sf_10,corridor_sf_12,89.38,true
corridor_sf_10,corridor_sf_13,108.12,true
corridor_sf_10,stair_sf_1,108.11,true
corridor_sf_10,stair_sf_10,90.96,true
corridor_sf_10,stair_sf_5,17.13,true
corridor_sf_10,stair_sf_6,104.96,true
corridor_sf_10,stair_sf_3,103.9,true
corridor_sf_11,corridor_sf_12,71.08,true
corridor_sf_11,corridor_sf_13,89.86,true
corridor_sf_11,stair_sf_1,114.33,true
corridor_sf_11,stair_sf_10,108.75,true
corridor_sf_11,stair_sf_5,19.88,true
corridor_sf_11,stair_sf_6,103.55,true
corridor_sf_11,stair_sf_3,85.83,true
corridor_sf_12,corridor_sf_13,18.91,true
corridor_sf_12,stair_sf_5,85.62,true
corridor_sf_12,stair_sf_4,92.32,true
corridor_sf_12,stair_sf_3,17.05,true
corridor_sf_13,stair_sf_5,104.51,true
corridor_sf_13,stair_sf_4,90.17,true
corridor_sf_13,stair_sf_3,8.29,true
stair_sf_19,stair_sf_1,75.01,true
stair_sf_1,stair_sf_10,99.25,true
stair_sf_1,stair_sf_5,95.04,true
stair_sf_10,stair_sf_15,111.6,true
stair_sf_10,stair_sf_5,94.39,true
stair_sf_5,stair_sf_6,119.92,true
stair_sf_5,stair_sf_3,101.5,true
stair_sf_6,stair_sf_4,72.42,true
stair_sf_4,stair_sf_3,82.81,true
